{
    "record": {
        "CustomerID": "Phasellus Integer facilisis Mauris Etiam sem",
        "CompanyName": "et convallis",
        "ContactName": "est ut adipiscing tortor Quisque",
        "ContactTitle": "mi sit nulla sem risus facilisis",
        "Address": "dapibus ut",
        "City": "eget suscipit",
        "Region": "mauris non egestas magna elit facilisis",
        "PostalCode": "vehicula pulvinar sodales ipsum Sed fermentum",
        "Country": "quam tellus nec auctor euismod scelerisque elit eros diam p",
        "Phone": "tellus urna ligula In nisi",
        "Fax": "Quisque vitae scelerisque dapibus"
    },
    "collection1": [
        {
            "CustomerID": "Integer facilisis Mauris Etiam",
            "CompanyName": "Aliquam",
            "ContactName": "convallis porttitor est",
            "ContactTitle": "adipiscing tortor Quisque Class mi sit nulla sem",
            "Address": "facilisis sit dapibus ut justo eget suscipit",
            "City": "mauris non egestas magna elit facilisis",
            "Region": "vehicula pulvinar sodales ipsum Sed fermentum",
            "PostalCode": "quam tellus nec auctor euismod scelerisque elit eros diam p",
            "Country": "tellus urna ligula In nisi",
            "Phone": "Quisque vitae scelerisque dapibus",
            "Fax": "accumsan amet ac porttitor nunc auctor vulputate"
        },
        {
            "CustomerID": "accumsan Morbi ultrices quis",
            "CompanyName": "amet Nunc iaculis molestie vehicula eget urna",
            "ContactName": "tempus sed Sed sed ad non vitae",
            "ContactTitle": "accumsan auctor condimentum placerat pharetra ac",
            "Address": "lorem egestas Maecenas nostra semper sapien metus",
            "City": "orci",
            "Region": "ligula quis tortor ante Cras dapibus dolor",
            "PostalCode": "laoreet porttitor adipiscing auctor ligula quis",
            "Country": "tristique vulputate lacus porttitor orci pellentesque volut",
            "Phone": "Donec risus eu magna Sed Maecenas amet pellentesque laoreet",
            "Fax": "a Vivamus posuere nec Proin accumsan"
        }
    ]
}