{
    "cards": [
        {
            "name": "amet imperdiet justo risus pulvinar tempus porta",
            "artist": "quis consectetur felis condimentum lacus accumsan",
            "imageUrl": "erat augue nunc aliquet sed ac",
            "multiverseid": 1611064366,
            "ownedCount": 1611064366
        },
        {
            "name": "In laoreet volutpat vestibulum quis Duis lectus",
            "artist": "gravida aliquet",
            "imageUrl": "non Sed pharetra",
            "multiverseid": 1096528158,
            "ownedCount": 1096528158
        }
    ],
    "filter": {
        "set": {
            "code": "mattis consequat condimentum nibh et condimentum",
            "name": "Quisque ultrices pulvinar congue"
        },
        "name": "commodo amet imperdiet justo risus"
    },
    "ownedCards": [
        {
            "multiverseid": 89002132,
            "ownedCount": 966276635
        },
        {
            "multiverseid": -1416764586,
            "ownedCount": 65633432
        }
    ]
}