{
    "addedRecords": [
        {
            "name": "commodo amet imperdiet justo risus",
            "modelsCount": 1109019703,
            "cena": 1109019703,
            "kus": 1109019703,
            "cena2": 1109019703,
            "cena3": 1109019703
        },
        {
            "name": "tempus porta elit quis consectetur",
            "modelsCount": 759766946,
            "cena": 759766946,
            "kus": 759766946,
            "cena2": 759766946,
            "cena3": 759766946
        }
    ],
    "editedRecord": {
        "name": "commodo amet imperdiet justo risus",
        "modelsCount": 1109019703,
        "cena": 196867201,
        "kus": 196867201,
        "cena2": 196867201,
        "cena3": 196867201
    }
}