{
    "cards": [
        {
            "name": "amet imperdiet justo risus pulvinar tempus porta",
            "artist": "quis consectetur felis condimentum lacus accumsan",
            "imageUrl": "erat augue nunc aliquet sed ac",
            "multiverseid": 1611064366
        },
        {
            "name": "In laoreet volutpat vestibulum quis Duis lectus",
            "artist": "gravida aliquet",
            "imageUrl": "non Sed pharetra",
            "multiverseid": 1096528158
        }
    ],
    "filter": {
        "set": {
            "code": "mattis consequat condimentum nibh et condimentum",
            "name": "Quisque ultrices pulvinar congue"
        },
        "name": "commodo amet imperdiet justo risus"
    }
}