{
    "collection1": [
        {
            "CustomerID": "elementum Praesent metus massa pulvinar",
            "CompanyName": "eget Praesent cursus amet id Donec vehicula ipsum consectet",
            "ContactName": "In Donec vel porta pharetra Sed mauris vehicula vehicula sit",
            "ContactTitle": "Pellentesque magna sit fermentum leo sodales egestas",
            "Address": "sit",
            "City": "sit Nunc Donec amet mollis",
            "Region": "pharetra aliquam turpis id cursus",
            "PostalCode": "justo tempus amet consectetur",
            "Country": "Nam sit ipsum lacinia nibh ut nunc sit mauris eget nec per",
            "Phone": "tempor pulvinar suscipit amet nostra",
            "Fax": "arcu at sagittis est vitae ac ut augue"
        },
        {
            "CustomerID": "nibh sit non diam",
            "CompanyName": "dignissim vitae lobortis Phasellus quam",
            "ContactName": "erat turpis fringilla est blandit aliquam",
            "ContactTitle": "nec sit",
            "Address": "vestibulum vel vehicula ac Ut potenti lorem",
            "City": "et libero eu Aenean quis",
            "Region": "condimentum sapien eget erat a elementum diam",
            "PostalCode": "metus Curabitur ante",
            "Country": "justo mauris fermentum Vestibulum",
            "Phone": "eget dapibus Curabitur lacus ut",
            "Fax": "sodales"
        }
    ]
}