{
    "Customers": [
        {
            "CustomerID": "fringilla Phasellus quis arcu Class",
            "CompanyName": "pellentesque consequat",
            "ContactName": "consectetur fringilla Phasellus quis",
            "ContactTitle": "consectetur fringilla Phasellus quis",
            "Address": "consectetur fringilla Phasellus quis",
            "City": "consectetur fringilla Phasellus quis",
            "Region": "consectetur fringilla Phasellus quis",
            "PostalCode": "consectetur fringilla Phasellus quis",
            "Country": "consectetur fringilla Phasellus quis",
            "Phone": "consectetur fringilla Phasellus quis",
            "Fax": "consectetur fringilla Phasellus quis"
        },
        {
            "CustomerID": "Aenean ante pellentesque nec",
            "CompanyName": "Donec mi posuere scelerisque",
            "ContactName": "Class sed pellentesque consequat In Aenean",
            "ContactTitle": "Class sed pellentesque consequat In Aenean",
            "Address": "Class sed pellentesque consequat In Aenean",
            "City": "Class sed pellentesque consequat In Aenean",
            "Region": "Class sed pellentesque consequat In Aenean",
            "PostalCode": "Class sed pellentesque consequat In Aenean",
            "Country": "Class sed pellentesque consequat In Aenean",
            "Phone": "Class sed pellentesque consequat In Aenean",
            "Fax": "Class sed pellentesque consequat In Aenean"
        }
    ]
}